guid,orig_answer,perturbed_answer,gpt_answer,perturbed_answer_3,gpt_answer_3
d5bbdc180dba11ecb1e81171463288e9,green,orange,orange,ora,ora
d5bbdc180dba11ecb1e81171463288e9,green,golden,gold,gol,gol
d5bc08dc0dba11ecb1e81171463288e9,grey,gray,gray,gra,gra
d5bc19580dba11ecb1e81171463288e9,brown,black,black,bla,bla
d5bc61560dba11ecb1e81171463288e9,red,gold,gold,gol,gol
d5bc69940dba11ecb1e81171463288e9,silver,blue,blue,blu,blu
d5bc812c0dba11ecb1e81171463288e9,green,golden,gold,gol,gol
d5bc83d40dba11ecb1e81171463288e9,green,gray,gray,gra,gra
d5bc84920dba11ecb1e81171463288e9,white,purple,purple,pur,pur
d5bc8c940dba11ecb1e81171463288e9,white,blue,blue,blu,blu
d5bcace20dba11ecb1e81171463288e9,white,blue,blue,blu,blu
d5bcbc320dba11ecb1e81171463288e9,green,pink,pink,pin,pin
d5bcc2360dba11ecb1e81171463288e9,red,purple,purple,pur,pur
d5bcc2360dba11ecb1e81171463288e9,red,black,black,bla,bla
d5bcc2360dba11ecb1e81171463288e9,red,black,black,bla,bla
d5bcc2360dba11ecb1e81171463288e9,red,golden,gold,gol,gol
d5bcc8440dba11ecb1e81171463288e9,red,gray,gray,gra,gra
d5bcd9060dba11ecb1e81171463288e9,white,pink,pink,pin,pin
d5bcd9060dba11ecb1e81171463288e9,white,orange,orange,ora,ora
d5bcf2b00dba11ecb1e81171463288e9,black,yellow,yellow,yel,yel
d5bcf2b00dba11ecb1e81171463288e9,black,orange,orange,ora,ora
d5bcf9180dba11ecb1e81171463288e9,red,orange,orange,ora,ora
d5bcf9180dba11ecb1e81171463288e9,red,yellow,yellow,yel,yel
d5bd07820dba11ecb1e81171463288e9,red,yellow,yellow,yel,yel
d5bd07820dba11ecb1e81171463288e9,red,orange,orange,ora,ora
d5bd1aa60dba11ecb1e81171463288e9,green,blue,blue,blu,blu
d5bd1b1e0dba11ecb1e81171463288e9,black,white,white,whi,whi
d5bd1c720dba11ecb1e81171463288e9,yellow,red,red,red,red
d5bd3fb80dba11ecb1e81171463288e9,red,white,white,whi,whi
d5bd3fb80dba11ecb1e81171463288e9,red,black,black,bla,bla
d5bd58860dba11ecb1e81171463288e9,yellow,red,red,red,red
d5bd65a60dba11ecb1e81171463288e9,gold,gray,gray,gra,gra
d5bd8a040dba11ecb1e81171463288e9,pink,white,white,whi,whi
d5bd8a040dba11ecb1e81171463288e9,pink,white,white,whi,whi
d5bdb9480dba11ecb1e81171463288e9,star,circle,circle,cir,cir
d5bdb9480dba11ecb1e81171463288e9,star,square,square,squ,squ
d5bdca000dba11ecb1e81171463288e9,white,red,red,red,red
d5bdd7840dba11ecb1e81171463288e9,orange,yellow,yellow,yel,yel
d5bdd7840dba11ecb1e81171463288e9,orange,red,red,red,red
d5bdf93a0dba11ecb1e81171463288e9,gray,purple,purple,pur,pur
d5be02fe0dba11ecb1e81171463288e9,orange,yellow,yellow orange,yel,yel
d5be1ece0dba11ecb1e81171463288e9,black,white,white,whi,whi
d5be2d380dba11ecb1e81171463288e9,white,brown,brown,bro,bro
d5be31de0dba11ecb1e81171463288e9,gold,blue,blue,blu,blu
d5be31de0dba11ecb1e81171463288e9,gold,yellow,yellow,yel,yel
d5be54a20dba11ecb1e81171463288e9,black,purple,purple,pur,pur
d5be59c00dba11ecb1e81171463288e9,rectangular,square,square,squ,squ
d5be5a9c0dba11ecb1e81171463288e9,black,blue,blue,blu,blu
d5be76e40dba11ecb1e81171463288e9,yellow,blue,blue,blu,blu
d5be7ffe0dba11ecb1e81171463288e9,green,orange,orange,ora,ora
d5be9cc80dba11ecb1e81171463288e9,brown,black,black,bla,bla
d5be9cc80dba11ecb1e81171463288e9,brown,blue,blue,blu,blu
d5beb1180dba11ecb1e81171463288e9,curve,cone,cone,con,con
d5becbbc0dba11ecb1e81171463288e9,yellow,white,white,whi,whi
d5bef1460dba11ecb1e81171463288e9,white,red,red,red,red
d5bf0bd60dba11ecb1e81171463288e9,red,yellow,yellow,yel,yel
d5bf1e6e0dba11ecb1e81171463288e9,red,purple,purple,pur,pur
d5bf25da0dba11ecb1e81171463288e9,green,yellow,yellow,yel,yel
d5bf2d320dba11ecb1e81171463288e9,yellow,orange,orange,ora,ora
d5bf6be40dba11ecb1e81171463288e9,black,red,red,red,red
d5bf6f860dba11ecb1e81171463288e9,white,black,black and white,bla,bla
d5bf83180dba11ecb1e81171463288e9,silver,red,red,red,red
d5bf83180dba11ecb1e81171463288e9,silver,red,red,red,red
d5bf87820dba11ecb1e81171463288e9,yellow,purple,purple,pur,pur
d5bf88180dba11ecb1e81171463288e9,yellow,white,white,whi,whi
d5bfa8b60dba11ecb1e81171463288e9,silver,purple,purple,pur,pur
d5bfa8b60dba11ecb1e81171463288e9,silver,gold,gold,gol,gol
d5bfcc240dba11ecb1e81171463288e9,white,blue,blue,blu,blu
d5bfd7b40dba11ecb1e81171463288e9,white,teal,teal,tea,tea
d5bff4420dba11ecb1e81171463288e9,blue,yellow,yellow,yel,yel
d5bff4420dba11ecb1e81171463288e9,blue,red,red,red,red
d5bff8b60dba11ecb1e81171463288e9,white,blue,blue,blu,blu
d5c0007c0dba11ecb1e81171463288e9,green,black,black,bla,bla
d5c0019e0dba11ecb1e81171463288e9,black,purple,purple,pur,pur
d5c00ae00dba11ecb1e81171463288e9,grey,golden,gold,gol,gol
d5c02f160dba11ecb1e81171463288e9,yellow,red,red,red,red
d5c04c800dba11ecb1e81171463288e9,gray,blue,blue,blu,blu
d5c072820dba11ecb1e81171463288e9,red,purple,purple,pur,pur
d5c07d220dba11ecb1e81171463288e9,green,yellow,yellow,yel,yel
d5c080e20dba11ecb1e81171463288e9,teardrop,triangle,triangle,tri,tri
d5c08a240dba11ecb1e81171463288e9,green,orange,orange,ora,ora
d5c09af00dba11ecb1e81171463288e9,orange,gold,gold,gol,gol
d5c09af00dba11ecb1e81171463288e9,orange,blue,blue,blu,blu
d5c0b7f60dba11ecb1e81171463288e9,white,pink,pink,pin,pin
d5c0bbb60dba11ecb1e81171463288e9,white,red,red,red,red
d5c0bc100dba11ecb1e81171463288e9,red,yellow,yellow,yel,yel
d5c0c0de0dba11ecb1e81171463288e9,white,red,red,red,red
d5c0d38a0dba11ecb1e81171463288e9,green,red,red,red,red
d5c0d38a0dba11ecb1e81171463288e9,green,blue,blue,blu,blu
d5c0e08c0dba11ecb1e81171463288e9,rectangular,square,square,squ,squ
d5c0f0b80dba11ecb1e81171463288e9,gold,golden,gold,gol,gol
d5c0fc5c0dba11ecb1e81171463288e9,red,orange,orange,ora,ora
d5c0fc5c0dba11ecb1e81171463288e9,red,yellow,yellow,yel,yel
d5c0ffb80dba11ecb1e81171463288e9,flower,circle,circular,cir,cir
d5c0ffb80dba11ecb1e81171463288e9,flower,circle,circular,cir,cir
d5c1128c0dba11ecb1e81171463288e9,brown,white,white,whi,whi
d5c1128c0dba11ecb1e81171463288e9,brown,blue,blue,blu,blu
d5c1128c0dba11ecb1e81171463288e9,brown,pink,pink,pin,pin
d5c11a480dba11ecb1e81171463288e9,gold,purple,purple,pur,pur
d5c1279a0dba11ecb1e81171463288e9,green,brown,brown,bro,bro
d5c129020dba11ecb1e81171463288e9,pink,purple,purple,pur,pur
d5c129980dba11ecb1e81171463288e9,gold,pink,pink,pin,pin
d5c129980dba11ecb1e81171463288e9,gold,teal,teal,tea,tea
d5c1341a0dba11ecb1e81171463288e9,green,pink,pink,pin,pin
d5c1341a0dba11ecb1e81171463288e9,green,yellow,yellow,yel,yel
d5c1411c0dba11ecb1e81171463288e9,red,golden,gold,gol,gol
d5c143ce0dba11ecb1e81171463288e9,white,yellow,yellow,yel,yel
d5c143ce0dba11ecb1e81171463288e9,white,yellow,yellow,yel,yel
d5c144dc0dba11ecb1e81171463288e9,red,brown,brown,bro,bro
d5c144dc0dba11ecb1e81171463288e9,red,white,white,whi,whi
d5c1450e0dba11ecb1e81171463288e9,red,orange,orange,ora,ora
d5c14d1a0dba11ecb1e81171463288e9,teal,gold,gold,gol,gol
d5c156c00dba11ecb1e81171463288e9,white,purple,purple,pur,pur
d5c15fc60dba11ecb1e81171463288e9,red,yellow,yellow,yel,yel
d5c16be20dba11ecb1e81171463288e9,red,yellow,yellow,yel,yel
d5c16df40dba11ecb1e81171463288e9,gray,yellow,yellow,yel,yel
d5c16df40dba11ecb1e81171463288e9,gray,pink,pink,pin,pin
d5c16df40dba11ecb1e81171463288e9,gray,white,white,whi,whi
d5c16df40dba11ecb1e81171463288e9,gray,blue,blue,blu,blu
d5c17fd80dba11ecb1e81171463288e9,green,pink,pink,pin,pin
d5c184600dba11ecb1e81171463288e9,red,purple,purple,pur,pur
d5c184600dba11ecb1e81171463288e9,red,brown,brown,bro,bro
d5c184600dba11ecb1e81171463288e9,red,blue,blue,blu,blu
d5c192480dba11ecb1e81171463288e9,yellow,white,white,whi,whi
d5c1990a0dba11ecb1e81171463288e9,round,circle,circular,cir,cir
d5c1a0580dba11ecb1e81171463288e9,gold,orange,orange,ora,ora
d5c1a7060dba11ecb1e81171463288e9,red,blue,blue,blu,blu
d5c1b8cc0dba11ecb1e81171463288e9,gold,purple,purple,pur,pur
d5c1b8cc0dba11ecb1e81171463288e9,gold,white,white,whi,whi
d5c1ba3e0dba11ecb1e81171463288e9,black,pink,pink,pin,pin
d5c1ba3e0dba11ecb1e81171463288e9,black,pink,pink,pin,pin
d5c1c1dc0dba11ecb1e81171463288e9,spiral,hexagon,hexagonal,hex,hex
d5c1c5560dba11ecb1e81171463288e9,black,gold,gold,gol,gol
d5c1c6280dba11ecb1e81171463288e9,tan,gray,gray,gra,gra
d5c1c6280dba11ecb1e81171463288e9,tan,white,white,whi,whi
d5c1cdc60dba11ecb1e81171463288e9,red,orange,orange,ora,ora
d5c1d8480dba11ecb1e81171463288e9,white,black,black,bla,bla
d5c1d8480dba11ecb1e81171463288e9,white,orange,orange,ora,ora
d5c1eaa40dba11ecb1e81171463288e9,black,purple,purple,pur,pur
d5c1eaa40dba11ecb1e81171463288e9,black,blue,blue,blu,blu
d5c1eaa40dba11ecb1e81171463288e9,black,red,red,red,red
d5c1efea0dba11ecb1e81171463288e9,white,yellow,yellow,yel,yel
d5c1efea0dba11ecb1e81171463288e9,white,gray,gray,gra,gra
d5c1f01c0dba11ecb1e81171463288e9,circle,cross,cross,cro,cro
d5c203d60dba11ecb1e81171463288e9,red,orange,orange,ora,ora
d5c2094e0dba11ecb1e81171463288e9,black,yellow,yellow,yel,yel
d5c2094e0dba11ecb1e81171463288e9,black,pink,pink,pin,pin
d5c22c620dba11ecb1e81171463288e9,red,pink,pink,pin,pin
d5c22d160dba11ecb1e81171463288e9,red,purple,purple,pur,pur
d5c22d160dba11ecb1e81171463288e9,red,pink,pink,pin,pin
d5c234000dba11ecb1e81171463288e9,white,pink,pink,pin,pin
d5c234000dba11ecb1e81171463288e9,white,orange,orange,ora,ora
d5c234000dba11ecb1e81171463288e9,white,purple,purple,pur,pur
d5c23fe00dba11ecb1e81171463288e9,white,orange,orange,ora,ora
d5c2445e0dba11ecb1e81171463288e9,grey,pink,pink,pin,pin
d5c2445e0dba11ecb1e81171463288e9,grey,yellow,yellow,yel,yel
d5c282de0dba11ecb1e81171463288e9,flower,star,star,sta,sta
d5c28f400dba11ecb1e81171463288e9,silver,gold,gold,gol,gol
d5c28f400dba11ecb1e81171463288e9,silver,orange,orange,ora,ora
d5c2a4d00dba11ecb1e81171463288e9,red,blue,blue,blu,blu
d5c2a6c40dba11ecb1e81171463288e9,red,yellow,yellow,yel,yel
d5c2bf6a0dba11ecb1e81171463288e9,red,pink,pink,pin,pin
d5c2bf6a0dba11ecb1e81171463288e9,red,pink,pink,pin,pin
d5c2cc580dba11ecb1e81171463288e9,green,orange,orange,ora,ora
d5c2cc580dba11ecb1e81171463288e9,green,blue,blue,blu,blu
d5c2cc800dba11ecb1e81171463288e9,yellow,blue,blue,blu,blu
d5c2d4460dba11ecb1e81171463288e9,orange,red,red,red,red
d5c2dac20dba11ecb1e81171463288e9,red,white,white,whi,whi
d5c2dac20dba11ecb1e81171463288e9,red,yellow,yellow,yel,yel
d5c2e2880dba11ecb1e81171463288e9,green,yellow,yellow,yel,yel
d5c2e9a40dba11ecb1e81171463288e9,white,purple,purple,pur,pur
d5c2e9a40dba11ecb1e81171463288e9,white,golden,gold,gol,gol
d5c2e9cc0dba11ecb1e81171463288e9,green,blue,blue,blu,blu
d5c2eb340dba11ecb1e81171463288e9,red,orange,orange,ora,ora
d5c2edc80dba11ecb1e81171463288e9,red,yellow,yellow usa,yel,yel
d5c2f5340dba11ecb1e81171463288e9,green,pink,pink,pin,pin
d5c305060dba11ecb1e81171463288e9,white,gold,gold,gol,gol
d5c305060dba11ecb1e81171463288e9,white,violet,violet,vio,vio
d5c30b8c0dba11ecb1e81171463288e9,gold,orange,orange,ora,ora
d5c30cc20dba11ecb1e81171463288e9,purple,pink,pink,pin,pin
d5c30cc20dba11ecb1e81171463288e9,purple,yellow,yellow,yel,yel
d5c31de80dba11ecb1e81171463288e9,green,purple,purple,pur,pur
d5c322e80dba11ecb1e81171463288e9,gold,golden,gold,gol,gol
d5c327480dba11ecb1e81171463288e9,torus,triangle,triangle,tri,tri
d5c327480dba11ecb1e81171463288e9,torus,triangle,triangle,tri,tri
d5c333780dba11ecb1e81171463288e9,red,yellow,yellow,yel,yel
d5c333780dba11ecb1e81171463288e9,red,gold,gold,gol,gol
d5c3386e0dba11ecb1e81171463288e9,red,pink,pink,pin,pin
d5c346240dba11ecb1e81171463288e9,white,red,red,red,red
d5c34f200dba11ecb1e81171463288e9,gold,yellow,yellow,yel,yel
d5c34f200dba11ecb1e81171463288e9,gold,orange,orange,ora,ora
d5c34f200dba11ecb1e81171463288e9,gold,red,red,red,red
d5c34f200dba11ecb1e81171463288e9,gold,red,red,red,red
d5c358120dba11ecb1e81171463288e9,red,yellow,yellow,yel,yel
d5c363200dba11ecb1e81171463288e9,black,brown,brown,bro,bro
d5c363200dba11ecb1e81171463288e9,black,purple,purple,pur,pur
d5c367260dba11ecb1e81171463288e9,green,golden,gold,gol,gol
d5c367260dba11ecb1e81171463288e9,green,golden,gold,gol,gol
d5c388b40dba11ecb1e81171463288e9,gold,brown,brown,bro,bro
d5c388b40dba11ecb1e81171463288e9,gold,purple,purple,pur,pur
d5c388b40dba11ecb1e81171463288e9,gold,golden,gold,gol,gol
d5c395ca0dba11ecb1e81171463288e9,yellow,orange,orange,ora,ora
d5c3994e0dba11ecb1e81171463288e9,green,yellow,yellow,yel,yel
d5c3994e0dba11ecb1e81171463288e9,green,orange,orange,ora,ora
d5c3994e0dba11ecb1e81171463288e9,green,brown,brown,bro,bro
d5c39cfa0dba11ecb1e81171463288e9,green,yellow,yellow,yel,yel
d5c39cfa0dba11ecb1e81171463288e9,green,yellow,yellow,yel,yel
d5c39cfa0dba11ecb1e81171463288e9,green,red,red,red,red
d5c39cfa0dba11ecb1e81171463288e9,green,gold,gold,gol,gol
d5c3a3760dba11ecb1e81171463288e9,blue,yellow,yellow,yel,yel
d5c3b50a0dba11ecb1e81171463288e9,pink,orange,orange,ora,ora
d5c3b6680dba11ecb1e81171463288e9,maroon,pink,pink,pin,pin
d5c3b7080dba11ecb1e81171463288e9,red,purple,purple,pur,pur
d5c3b7080dba11ecb1e81171463288e9,red,yellow,yellow,yel,yel
d5c3b73a0dba11ecb1e81171463288e9,white,orange,orange leave,ora,ora
d5c3b73a0dba11ecb1e81171463288e9,white,blue,blue unknown,blu,blu
d5c3c6120dba11ecb1e81171463288e9,silver,gold,gold,gol,gol
d5c3c6760dba11ecb1e81171463288e9,red,purple,purple,pur,pur
d5c3c7840dba11ecb1e81171463288e9,round,circle,circular,cir,cir
d5c3c7840dba11ecb1e81171463288e9,round,triangle,triangular,tri,tri
d5c3d0ee0dba11ecb1e81171463288e9,grey,white,white,whi,whi
d5c3d0ee0dba11ecb1e81171463288e9,grey,orange,orange,ora,ora
d5c3d7420dba11ecb1e81171463288e9,red,yellow,yellow,yel,yel
d5c3dbe80dba11ecb1e81171463288e9,yellow,golden,gold,gol,gol
d5c3dbe80dba11ecb1e81171463288e9,yellow,golden,gold,gol,gol
d5c3dbe80dba11ecb1e81171463288e9,yellow,gold,gold,gol,gol
d5c3e0fc0dba11ecb1e81171463288e9,red,blue,blue,blu,blu
d5c3e9800dba11ecb1e81171463288e9,red,blue,blue,blu,blu
d5c3ee620dba11ecb1e81171463288e9,round,cross,cross,cro,cro
d5c3ee620dba11ecb1e81171463288e9,round,cross,cross,cro,cro
d5c3ee620dba11ecb1e81171463288e9,round,triangle,triangle,tri,tri
d5c3ee8a0dba11ecb1e81171463288e9,red,white,white,whi,whi
d5c3ee8a0dba11ecb1e81171463288e9,red,orange,orange,ora,ora
d5c3fa060dba11ecb1e81171463288e9,circle,cone,conical,con,con
d5c406cc0dba11ecb1e81171463288e9,red,teal,teal,tea,tea
d5c408f20dba11ecb1e81171463288e9,red,yellow,yellow,yel,yel
d5c408f20dba11ecb1e81171463288e9,red,purple,purple,pur,pur
d5c408f20dba11ecb1e81171463288e9,red,white,white,whi,whi
d5c40a000dba11ecb1e81171463288e9,white,red,red,red,red
d5c40a000dba11ecb1e81171463288e9,white,red,red,red,red
d5c416260dba11ecb1e81171463288e9,white,purple,purple,pur,pur
d5c416260dba11ecb1e81171463288e9,white,gray,gray,gra,gra
d5c41af40dba11ecb1e81171463288e9,red,pink,pink,pin,pin
d5c41af40dba11ecb1e81171463288e9,red,orange,orange,ora,ora
d5c41af40dba11ecb1e81171463288e9,red,teal,teal,tea,tea
d5c41c5c0dba11ecb1e81171463288e9,green,orange,orange,ora,ora
d5c41d380dba11ecb1e81171463288e9,red,pink,pink,pin,pin
d5c41d380dba11ecb1e81171463288e9,red,yellow,yellow,yel,yel
d5c41d380dba11ecb1e81171463288e9,red,white,white,whi,whi
d5c424ea0dba11ecb1e81171463288e9,red,pink,pink,pin,pin
d5c4283c0dba11ecb1e81171463288e9,circular,circle,circular,cir,cir
d5c43b740dba11ecb1e81171463288e9,red,blue,blue,blu,blu
d5c443c60dba11ecb1e81171463288e9,white,blue,blue,blu,blu
d5c443c60dba11ecb1e81171463288e9,white,yellow,yellow,yel,yel
d5c443c60dba11ecb1e81171463288e9,white,pink,pink,pin,pin
d5c455be0dba11ecb1e81171463288e9,red,pink,pink,pin,pin
d5c457a80dba11ecb1e81171463288e9,white,purple,purple,pur,pur
d5c45adc0dba11ecb1e81171463288e9,round,circle,circle,cir,cir
d5c46fb80dba11ecb1e81171463288e9,green,yellow,yellow,yel,yel
d5c46fb80dba11ecb1e81171463288e9,green,orange,orange,ora,ora
d5c471b60dba11ecb1e81171463288e9,white,purple,purple,pur,pur
d5c47cd80dba11ecb1e81171463288e9,green,blue,blue,blu,blu
d5c47cd80dba11ecb1e81171463288e9,green,brown,brown,bro,bro
d5c47f1c0dba11ecb1e81171463288e9,pink,red,red,red,red
d5c47f1c0dba11ecb1e81171463288e9,pink,yellow,yellow,yel,yel
d5c47f1c0dba11ecb1e81171463288e9,pink,yellow,yellow,yel,yel
d5c48f980dba11ecb1e81171463288e9,rectangle,ring,ring,rin,rin
d5c490880dba11ecb1e81171463288e9,white,red,red,red,red
d5c4984e0dba11ecb1e81171463288e9,tan,brown,brown,bro,bro
d5c49a920dba11ecb1e81171463288e9,white,yellow,yellow,yel,yel
d5c4a4100dba11ecb1e81171463288e9,white,gray,gray,gra,gra
d5c4b2d40dba11ecb1e81171463288e9,circle,hexagon,hexagon,hex,hex
d5c4b3ba0dba11ecb1e81171463288e9,red,yellow,yellow,yel,yel
d5c4b3ba0dba11ecb1e81171463288e9,red,pink,pink,pin,pin
d5c4bbd00dba11ecb1e81171463288e9,square,circle,circular,cir,cir
d5c4bc980dba11ecb1e81171463288e9,red,pink,pink,pin,pin
d5c4c74c0dba11ecb1e81171463288e9,white,orange,orange,ora,ora
d5c4c7c40dba11ecb1e81171463288e9,grey,white,white,whi,whi
d5c4c8820dba11ecb1e81171463288e9,white,pink,pink,pin,pin
d5c4cfd00dba11ecb1e81171463288e9,white,yellow,yellow,yel,yel
d5c4d1ce0dba11ecb1e81171463288e9,white,red,red,red,red
d5c4d1ce0dba11ecb1e81171463288e9,white,yellow,yellow,yel,yel
d5c4d1ce0dba11ecb1e81171463288e9,white,pink,pink,pin,pin
d5c4ee020dba11ecb1e81171463288e9,silver,red,red,red,red
d5c4ee020dba11ecb1e81171463288e9,silver,gold,golden,gol,gol
d5c4ef060dba11ecb1e81171463288e9,white,pink,pink,pin,pin
d5c4ef060dba11ecb1e81171463288e9,white,orange,orange,ora,ora
d5c4ef060dba11ecb1e81171463288e9,white,pink,pink,pin,pin
d5c4fb720dba11ecb1e81171463288e9,white,pink,pink,pin,pin
d5c4fb9a0dba11ecb1e81171463288e9,gold,violet,violet,vio,vio
d5c4ff0a0dba11ecb1e81171463288e9,white,pink,pink,pin,pin
d5c4ff0a0dba11ecb1e81171463288e9,white,pink,pink,pin,pin
d5c50b4e0dba11ecb1e81171463288e9,red,purple,purple,pur,pur
d5c50b4e0dba11ecb1e81171463288e9,red,orange,orange,ora,ora
d5c50b4e0dba11ecb1e81171463288e9,red,pink,pink,pin,pin
d5c50b940dba11ecb1e81171463288e9,yellow,orange,orange,ora,ora
d5c510a80dba11ecb1e81171463288e9,red,golden,gold,gol,gol
d5c517740dba11ecb1e81171463288e9,white,pink,pink,pin,pin
d5c51a580dba11ecb1e81171463288e9,curve,circle,circular,cir,cir
d5c51e040dba11ecb1e81171463288e9,green,blue,blue,blu,blu
d5c51e040dba11ecb1e81171463288e9,green,pink,pink,pin,pin
d5c525c00dba11ecb1e81171463288e9,pink,yellow,yellow,yel,yel
d5c525c00dba11ecb1e81171463288e9,pink,red,red,red,red
d5c526560dba11ecb1e81171463288e9,orange,yellow,yellow,yel,yel
d5c526560dba11ecb1e81171463288e9,orange,purple,purple,pur,pur
d5c528360dba11ecb1e81171463288e9,red,yellow,yellow,yel,yel
d5c52c0a0dba11ecb1e81171463288e9,red,golden,gold,gol,gol
d5c52c0a0dba11ecb1e81171463288e9,red,white,white,whi,whi
d5c52fe80dba11ecb1e81171463288e9,rectangular,triangle,triangular,tri,tri
d5c537cc0dba11ecb1e81171463288e9,green,pink,pink,pin,pin
d5c53af60dba11ecb1e81171463288e9,yellow,pink,pink,pin,pin
d5c53af60dba11ecb1e81171463288e9,yellow,brown,brown,bro,bro
d5c53af60dba11ecb1e81171463288e9,yellow,red,red,red,red
d5c53af60dba11ecb1e81171463288e9,yellow,purple,purple,pur,pur
d5c547da0dba11ecb1e81171463288e9,orange,yellow,yellowbelly,yel,yel
d5c556f80dba11ecb1e81171463288e9,green,purple,purple,pur,pur
d5c556f80dba11ecb1e81171463288e9,green,orange,orange,ora,ora
d5c55d060dba11ecb1e81171463288e9,green,orange,orange,ora,ora
d5c56cba0dba11ecb1e81171463288e9,red,yellow,yellow,yel,yel
d5c56cba0dba11ecb1e81171463288e9,red,pink,pink,pin,pin
d5c56efe0dba11ecb1e81171463288e9,brown,purple,purple,pur,pur
d5c56fc60dba11ecb1e81171463288e9,silver,blue,blue,blu,blu
d5c56fc60dba11ecb1e81171463288e9,silver,red,red,red,red
d5c5716a0dba11ecb1e81171463288e9,white,pink,pink,pin,pin
d5c572f00dba11ecb1e81171463288e9,silver,pink,pink,pin,pin
d5c57c8c0dba11ecb1e81171463288e9,green,brown,brown,bro,bro
d5c5810a0dba11ecb1e81171463288e9,oval,cone,cone,con,con
d5c5810a0dba11ecb1e81171463288e9,oval,square,square,squ,squ
d5c588800dba11ecb1e81171463288e9,green,orange,orange,ora,ora
d5c588800dba11ecb1e81171463288e9,green,purple,purple,pur,pur
d5c58a7e0dba11ecb1e81171463288e9,red,orange,orange,ora,ora
d5c58a7e0dba11ecb1e81171463288e9,red,pink,pink,pin,pin
d5c58c220dba11ecb1e81171463288e9,white,yellow,yellow,yel,yel
d5c58fec0dba11ecb1e81171463288e9,white,blue,blue,blu,blu
d5c58fec0dba11ecb1e81171463288e9,white,pink,pink,pin,pin
d5c590640dba11ecb1e81171463288e9,green,brown,brown,bro,bro
d5c595e60dba11ecb1e81171463288e9,white,brown,brown,bro,bro
d5c598980dba11ecb1e81171463288e9,black,yellow,yellow,yel,yel
d5c5a1260dba11ecb1e81171463288e9,green,red,red,red,red
d5c5a1260dba11ecb1e81171463288e9,green,orange,orange,ora,ora
d5c5a69e0dba11ecb1e81171463288e9,white,orange,orange,ora,ora
d5c5a69e0dba11ecb1e81171463288e9,white,pink,pink,pin,pin
d5c5b2c40dba11ecb1e81171463288e9,white,blue,blue,blu,blu
d5c5ba8a0dba11ecb1e81171463288e9,red,black,black,bla,bla
d5c5bcf60dba11ecb1e81171463288e9,green,pink,pink,pin,pin
d5c5ca200dba11ecb1e81171463288e9,brown,blue,blue,blu,blu
d5c5ca200dba11ecb1e81171463288e9,brown,yellow,yellow,yel,yel
d5c5ca200dba11ecb1e81171463288e9,brown,orange,orange,ora,ora
d5c5ca200dba11ecb1e81171463288e9,brown,gold,gold,gol,gol
d5c5cf200dba11ecb1e81171463288e9,orange,yellow,yellow,yel,yel
d5c5d22c0dba11ecb1e81171463288e9,gold,yellow,yellow,yel,yel
d5c5d22c0dba11ecb1e81171463288e9,gold,red,red,red,red
d5c5d22c0dba11ecb1e81171463288e9,gold,pink,pink,pin,pin
d5c5d22c0dba11ecb1e81171463288e9,gold,golden,gold,gol,gol
d5c5d3440dba11ecb1e81171463288e9,circular,triangle,triangular,tri,tri
d5c5dbbe0dba11ecb1e81171463288e9,red,black,black,bla,bla
d5c5dbbe0dba11ecb1e81171463288e9,red,brown,brown,bro,bro
d5c5dbbe0dba11ecb1e81171463288e9,red,black,black,bla,bla
d5c5de020dba11ecb1e81171463288e9,yellow,red,red,red,red
d5c5e2080dba11ecb1e81171463288e9,pink,orange,orange,ora,ora
d5c5e2a80dba11ecb1e81171463288e9,red,gray,gray,gra,gra
d5c5e2a80dba11ecb1e81171463288e9,red,violet,violee,vio,vio
d5c5e9ba0dba11ecb1e81171463288e9,point,circle,circular,cir,cir
d5c5f1620dba11ecb1e81171463288e9,yellow,gold,golden,gol,gol
d5c5f8ba0dba11ecb1e81171463288e9,white,red,red,red,red
d5c5fafe0dba11ecb1e81171463288e9,white,black,black,bla,bla
d5c5fe000dba11ecb1e81171463288e9,red,purple,purple,pur,pur
d5c615700dba11ecb1e81171463288e9,curve,circle,circle,cir,cir
d5c621a00dba11ecb1e81171463288e9,red,orange,orange,ora,ora
d5c621a00dba11ecb1e81171463288e9,red,pink,pink,pin,pin
d5c62db20dba11ecb1e81171463288e9,orange,violet,violet,vio,vio
d5c62db20dba11ecb1e81171463288e9,orange,blue,blue,blu,blu
d5c62ea20dba11ecb1e81171463288e9,red,purple,purple,pur,pur
d5c62ea20dba11ecb1e81171463288e9,red,purple,purple,pur,pur
d5c6323a0dba11ecb1e81171463288e9,globe,cone,cone,con,con
d5c63eb00dba11ecb1e81171463288e9,red,purple,purple,pur,pur
d5c63eb00dba11ecb1e81171463288e9,red,black,black,bla,bla
d5c6420c0dba11ecb1e81171463288e9,gold,orange,orange,ora,ora
d5c6482e0dba11ecb1e81171463288e9,white,purple,purple,pur,pur
d5c64ec80dba11ecb1e81171463288e9,red,gold,golden,gol,gol
d5c64ec80dba11ecb1e81171463288e9,red,pink,pink,pin,pin
d5c65e400dba11ecb1e81171463288e9,hoop,hexagon,hexagon,hex,hex
d5c661ba0dba11ecb1e81171463288e9,yellow,blue,blue,blu,blu
d5c661ba0dba11ecb1e81171463288e9,yellow,pink,pink,pin,pin
d5c665de0dba11ecb1e81171463288e9,gold,pink,pink,pin,pin
d5c665de0dba11ecb1e81171463288e9,gold,gray,gray,gra,gra
d5c677180dba11ecb1e81171463288e9,white,pink,pink,pin,pin
d5c688ca0dba11ecb1e81171463288e9,black,white,white,whi,whi
d5c688e80dba11ecb1e81171463288e9,red,pink,pink,pin,pin
d5c68df20dba11ecb1e81171463288e9,red,pink,pink,pin,pin
d5c68ffa0dba11ecb1e81171463288e9,red,gold,gold,gol,gol
d5c692e80dba11ecb1e81171463288e9,gold,purple,purple,pur,pur
d5c692e80dba11ecb1e81171463288e9,gold,golden,gold,gol,gol
d5c692e80dba11ecb1e81171463288e9,gold,golden,gold,gol,gol
d5c698ba0dba11ecb1e81171463288e9,white,yellow,yellow,yel,yel
d5c6a2ec0dba11ecb1e81171463288e9,white,red,red,red,red
d5c6a6ca0dba11ecb1e81171463288e9,red,gold,gold,gol,gol
d5c6a99a0dba11ecb1e81171463288e9,gold,teal,teal,tea,tea
d5c6a99a0dba11ecb1e81171463288e9,gold,purple,purple,pur,pur
d5c6b34a0dba11ecb1e81171463288e9,white,orange,orange,ora,ora
d5c6b34a0dba11ecb1e81171463288e9,white,pink,pink,pin,pin
d5c6b34a0dba11ecb1e81171463288e9,white,orange,orange,ora,ora
d5c6c11e0dba11ecb1e81171463288e9,black,yellow,yellow,yel,yel
d5c6c1d20dba11ecb1e81171463288e9,circle,hexagon,hexagonal,hex,hex
d5c6ce340dba11ecb1e81171463288e9,green,gray,gray,gra,gra
d5c6d5b40dba11ecb1e81171463288e9,golden,purple,purple,pur,pur
d5c6d5b40dba11ecb1e81171463288e9,golden,white,white,whi,whi
d5c6d6c20dba11ecb1e81171463288e9,red,pink,pink,pin,pin
d5c6d6c20dba11ecb1e81171463288e9,red,orange,orange,ora,ora
d5c6d6c20dba11ecb1e81171463288e9,red,yellow,yellow,yel,yel
d5c6d7d00dba11ecb1e81171463288e9,red,orange,orange,ora,ora
d5c6def60dba11ecb1e81171463288e9,white,blue,blue,blu,blu
d5c6def60dba11ecb1e81171463288e9,white,brown,brown,bro,bro
d5c6def60dba11ecb1e81171463288e9,white,brown,brown,bro,bro
d5c6def60dba11ecb1e81171463288e9,white,purple,purple,pur,pur
d5c6e3560dba11ecb1e81171463288e9,black,purple,purple,pur,pur
d5c6e3560dba11ecb1e81171463288e9,black,blue,blue,blu,blu
d5c6e68a0dba11ecb1e81171463288e9,brown,purple,purple,pur,pur
d5c6f4900dba11ecb1e81171463288e9,green,pink,pink,pin,pin
d5c6f4900dba11ecb1e81171463288e9,green,red,red,red,red
d5c6f4d60dba11ecb1e81171463288e9,red,pink,pink,pin,pin
d5c6ffb20dba11ecb1e81171463288e9,orange,purple,purple,pur,pur
d5c70eee0dba11ecb1e81171463288e9,red,blue,blue,blu,blu
d5c70eee0dba11ecb1e81171463288e9,red,orange,orange,ora,ora
d5c70eee0dba11ecb1e81171463288e9,red,white,white,whi,whi
d5c7143e0dba11ecb1e81171463288e9,green,red,red,red,red
d5c71bbe0dba11ecb1e81171463288e9,green,orange,orange,ora,ora
d5c71bbe0dba11ecb1e81171463288e9,green,gold,gold,gol,gol
d5c71bbe0dba11ecb1e81171463288e9,green,gold,gold,gol,gol
d5c71eca0dba11ecb1e81171463288e9,black,yellow,yellow,yel,yel
d5c722d00dba11ecb1e81171463288e9,cuboid,hexagon,hexagonal,hex,hex
d5c72da20dba11ecb1e81171463288e9,gold,black,black,bla,bla
d5c72da20dba11ecb1e81171463288e9,gold,golden,gold,gol,gol
d5c72da20dba11ecb1e81171463288e9,gold,blue,blue,blu,blu
d5c72e600dba11ecb1e81171463288e9,red,blue,blue,blu,blu
d5c72ed80dba11ecb1e81171463288e9,black,violet,violet,vio,vio
d5c72fdc0dba11ecb1e81171463288e9,red,gold,gold,gol,gol
d5c72fdc0dba11ecb1e81171463288e9,red,yellow,yellow,yel,yel
d5c7364e0dba11ecb1e81171463288e9,brown,red,red,red,red
d5c7373e0dba11ecb1e81171463288e9,green,brown,brown,bro,bro
d5c73b6c0dba11ecb1e81171463288e9,gold,golden,gold,gol,gol
d5c748f00dba11ecb1e81171463288e9,yellow,pink,pink,pin,pin
d5c74b5c0dba11ecb1e81171463288e9,bronze,purple,purple,pur,pur
d5c74fda0dba11ecb1e81171463288e9,yellow,red,red,red,red
d5c751b00dba11ecb1e81171463288e9,blue,red,red,red,red
d5c759580dba11ecb1e81171463288e9,silver,brown,brown,bro,bro
d5c759580dba11ecb1e81171463288e9,silver,white,white,whi,whi
d5c759580dba11ecb1e81171463288e9,silver,gold,gold,gol,gol
d5c7625e0dba11ecb1e81171463288e9,red,black,black,bla,bla
d5c76a380dba11ecb1e81171463288e9,blue,teal,teal,tea,tea
d5c76c220dba11ecb1e81171463288e9,white,red,red,red,red
d5c771040dba11ecb1e81171463288e9,pink,brown,brown,bro,bro
d5c7719a0dba11ecb1e81171463288e9,black,brown,brown,bro,bro
d5c7719a0dba11ecb1e81171463288e9,black,white,white,whi,whi
d5c7719a0dba11ecb1e81171463288e9,black,golden,gold,gol,gol
d5c772d00dba11ecb1e81171463288e9,gold,yellow,yellow,yel,yel
d5c781120dba11ecb1e81171463288e9,bell,cone,cone,con,con
d5c784640dba11ecb1e81171463288e9,green,black,black,bla,bla
d5c784640dba11ecb1e81171463288e9,green,gold,gold,gol,gol
d5c790d00dba11ecb1e81171463288e9,green,brown,brown,bro,bro
d5c796ca0dba11ecb1e81171463288e9,silver,white,white,whi,whi
d5c79d960dba11ecb1e81171463288e9,round,circle,circle,cir,cir
d5c7a3ae0dba11ecb1e81171463288e9,white,orange,orange,ora,ora
d5c7ad4a0dba11ecb1e81171463288e9,tan,yellow,yellow,yel,yel
d5c7ad4a0dba11ecb1e81171463288e9,tan,yellow,yellow,yel,yel
d5c7b1820dba11ecb1e81171463288e9,black,purple,purple,pur,pur
d5c7b1820dba11ecb1e81171463288e9,black,blue,blue,blu,blu
d5c7b1820dba11ecb1e81171463288e9,black,yellow,yellow,yel,yel
d5c7b2b80dba11ecb1e81171463288e9,red,yellow,yellow,yel,yel
d5c7b2b80dba11ecb1e81171463288e9,red,orange,orange,ora,ora
d5c7b3940dba11ecb1e81171463288e9,blue,yellow,yellow,yel,yel
d5c7b4ca0dba11ecb1e81171463288e9,gold,yellow,yellow,yel,yel
d5c7cfb40dba11ecb1e81171463288e9,red,white,white,whi,whi
d5c7cfb40dba11ecb1e81171463288e9,red,golden,gold,gol,gol
d5c7dc840dba11ecb1e81171463288e9,tan,yellow,yellow,yel,yel
d5c7e8a00dba11ecb1e81171463288e9,red,purple,purple,pur,pur
d5c7e8a00dba11ecb1e81171463288e9,red,yellow,yellow,yel,yel
d5c7e8a00dba11ecb1e81171463288e9,red,yellow,yellow,yel,yel
d5c7ea8a0dba11ecb1e81171463288e9,yellow,orange,orange,ora,ora
d5c7ed6e0dba11ecb1e81171463288e9,gold,red,red,red,red
d5c7f8360dba11ecb1e81171463288e9,purple,pink,pink,pin,pin
d5c7fbba0dba11ecb1e81171463288e9,white,pink,pink,pin,pin
d5c7fe300dba11ecb1e81171463288e9,white,pink,pink,pin,pin
d5c7fe300dba11ecb1e81171463288e9,white,purple,purple,pur,pur
d5c7ff5c0dba11ecb1e81171463288e9,tan,red,red,red,red
d5c7ff5c0dba11ecb1e81171463288e9,tan,black,black,bla,bla
d5c7ff5c0dba11ecb1e81171463288e9,tan,blue,blue,blu,blu
d5c7ff5c0dba11ecb1e81171463288e9,tan,violet,violet,vio,vio
d5c8081c0dba11ecb1e81171463288e9,red,brown,brown,bro,bro
d5c80ede0dba11ecb1e81171463288e9,orange,yellow,yellow,yel,yel
d5c80ede0dba11ecb1e81171463288e9,orange,blue,blue,blu,blu
d5c812260dba11ecb1e81171463288e9,silver,black,black,bla,bla
d5c814100dba11ecb1e81171463288e9,red,yellow,yellow,yel,yel
d5c81c300dba11ecb1e81171463288e9,red,purple,purple,pur,pur
d5c8399a0dba11ecb1e81171463288e9,red,pink,pink,pin,pin
d5c842aa0dba11ecb1e81171463288e9,pink,orange,orange,ora,ora
d5c8470a0dba11ecb1e81171463288e9,silver,orange,orange,ora,ora
d5c849a80dba11ecb1e81171463288e9,red,gray,gray,gra,gra
d5c8565a0dba11ecb1e81171463288e9,white,orange,orange,ora,ora
d5c8565a0dba11ecb1e81171463288e9,white,pink,pink,pin,pin
d5c867260dba11ecb1e81171463288e9,white,golden,gold,gol,gol
d5c867260dba11ecb1e81171463288e9,white,golden,gold,gol,gol
d5c8679e0dba11ecb1e81171463288e9,grey,gray,gray,gra,gra
d5c8679e0dba11ecb1e81171463288e9,grey,purple,purple,pur,pur
d5c8679e0dba11ecb1e81171463288e9,grey,red,red,red,red
d5c86b0e0dba11ecb1e81171463288e9,white,yellow,yellow,yel,yel
d5c86b0e0dba11ecb1e81171463288e9,white,brown,brown,bro,bro
d5c86b0e0dba11ecb1e81171463288e9,white,yellow,yellow,yel,yel
d5c86b2c0dba11ecb1e81171463288e9,white,black,black,bla,bla
d5c86b2c0dba11ecb1e81171463288e9,white,black,black,bla,bla
d5c86b2c0dba11ecb1e81171463288e9,white,red,red,red,red
d5c86f280dba11ecb1e81171463288e9,tan,yellow,yellow,yel,yel
d5c870f40dba11ecb1e81171463288e9,square,hexagon,hexagonal,hex,hex
d5c8718a0dba11ecb1e81171463288e9,red,brown,brown,bro,bro
d5c872e80dba11ecb1e81171463288e9,green,purple,purple,pur,pur
d5c872e80dba11ecb1e81171463288e9,green,purple,purple,pur,pur
d5c878100dba11ecb1e81171463288e9,black,pink,pink,pin,pin
d5c87b760dba11ecb1e81171463288e9,cube,hexagon,hexagonal,hex,hex
d5c87d740dba11ecb1e81171463288e9,black,pink,pink,pin,pin
d5c881f20dba11ecb1e81171463288e9,red,pink,pink,pin,pin
d5c884fe0dba11ecb1e81171463288e9,red,purple,purple,pur,pur
d5c88f9e0dba11ecb1e81171463288e9,blue,brown,brown,bro,bro
d5c890b60dba11ecb1e81171463288e9,red,gray,gray,gra,gra
d5c890b60dba11ecb1e81171463288e9,red,white,white,whi,whi
d5c898c20dba11ecb1e81171463288e9,red,gold,gold,gol,gol
d5c8a2ea0dba11ecb1e81171463288e9,red,teal,teal,tea,tea
d5c8b4ce0dba11ecb1e81171463288e9,gray,pink,pink,pin,pin
d5c8b4ce0dba11ecb1e81171463288e9,gray,pink,pink,pin,pin
d5c8b4ce0dba11ecb1e81171463288e9,gray,yellow,yellow,yel,yel
d5c8b9a60dba11ecb1e81171463288e9,white,purple,purple,pur,pur
d5c8c3ec0dba11ecb1e81171463288e9,black,orange,orange,ora,ora
d5c8c3ec0dba11ecb1e81171463288e9,black,red,red,red,red
d5c8c3ec0dba11ecb1e81171463288e9,black,red,red,red,red
d5c8c55e0dba11ecb1e81171463288e9,red,orange,orange,ora,ora
d5c8d0760dba11ecb1e81171463288e9,blue,red,red,red,red
d5c8d2380dba11ecb1e81171463288e9,rainbow,pink,pink,pin,pin
d5c8d2380dba11ecb1e81171463288e9,rainbow,golden,gold,gol,gol
d5c8dcba0dba11ecb1e81171463288e9,green,purple,purple,pur,pur
d5c8e7500dba11ecb1e81171463288e9,grey,pink,pink,pin,pin
d5c8e7780dba11ecb1e81171463288e9,red,pink,pink,pin,pin
d5c8eaca0dba11ecb1e81171463288e9,brown,golden,gold,gol,gol
d5c8ed7c0dba11ecb1e81171463288e9,orange,brown,brown,bro,bro
d5c8efca0dba11ecb1e81171463288e9,black,yellow,yellow,yel,yel
d5c8fa1a0dba11ecb1e81171463288e9,brown,yellow,yellow,yel,yel
d5c9032a0dba11ecb1e81171463288e9,red,blue,blue,blu,blu
d5c906fe0dba11ecb1e81171463288e9,green,pink,pink,pin,pin
d5c90c580dba11ecb1e81171463288e9,black,yellow,yellow,yel,yel
d5c90c580dba11ecb1e81171463288e9,black,orange,orange,ora,ora
d5c90ea60dba11ecb1e81171463288e9,arch,star,star,sta,sta
d5c90ea60dba11ecb1e81171463288e9,arch,square,square,squ,squ
d5c90f3c0dba11ecb1e81171463288e9,square,circle,circular,cir,cir
d5c90f3c0dba11ecb1e81171463288e9,square,octagon,octagonal,oct,oct
d5c913920dba11ecb1e81171463288e9,circle,hexagon,hexagonal,hex,hex
d5c915f40dba11ecb1e81171463288e9,flat,circle,circular,cir,cir
d5c9193c0dba11ecb1e81171463288e9,red,yellow,yellow,yel,yel
d5c9193c0dba11ecb1e81171463288e9,red,yellow,yellow,yel,yel
d5c922560dba11ecb1e81171463288e9,gold,yellow,yellow,yel,yel
d5c922560dba11ecb1e81171463288e9,gold,gray,gray,gra,gra
d5c9251c0dba11ecb1e81171463288e9,red,yellow,yellow,yel,yel
d5c935340dba11ecb1e81171463288e9,green,red,red,red,red
d5c938040dba11ecb1e81171463288e9,white,orange,orange,ora,ora
d5c93f7a0dba11ecb1e81171463288e9,red,yellow,yellow,yel,yel
d5c948d00dba11ecb1e81171463288e9,black,purple,purple,pur,pur
d5c948d00dba11ecb1e81171463288e9,black,blue,blue,blu,blu
d5c949200dba11ecb1e81171463288e9,green,purple,purple,pur,pur
d5c960fe0dba11ecb1e81171463288e9,yellow,purple,purple,pur,pur
d5c96f220dba11ecb1e81171463288e9,white,gray,gray,gra,gra
d5c973460dba11ecb1e81171463288e9,white,purple,purple,pur,pur
d5c980480dba11ecb1e81171463288e9,grey,red,red,red,red
d5c98c8c0dba11ecb1e81171463288e9,red,white,white,whi,whi
d5c98c8c0dba11ecb1e81171463288e9,red,gold,gold,gol,gol
d5c990f60dba11ecb1e81171463288e9,square,hexagon,hexagonal,hex,hex
d5c9a9060dba11ecb1e81171463288e9,black,gray,gray,gra,gra
d5c9a9060dba11ecb1e81171463288e9,black,blue,blue,blu,blu
d5c9abcc0dba11ecb1e81171463288e9,red,yellow,yellow,yel,yel
d5c9bb580dba11ecb1e81171463288e9,blue,red,red,red,red
d5c9bffe0dba11ecb1e81171463288e9,gold,red,red,red,red
d5c9c2240dba11ecb1e81171463288e9,green,teal,teal,tea,tea
d5c9c2240dba11ecb1e81171463288e9,green,gold,gold,gol,gol
d5c9d3a40dba11ecb1e81171463288e9,red,blue,blue,blu,blu
d5c9e9a20dba11ecb1e81171463288e9,round,sphere,sphere,sph,sph
d5c9e9a20dba11ecb1e81171463288e9,round,wavy,wavy,wav,wav
d5ca0a720dba11ecb1e81171463288e9,white,yellow,yellow,yel,yel
d5ca0f040dba11ecb1e81171463288e9,red,blue,blue,blu,blu
d5ca13000dba11ecb1e81171463288e9,gold,golden,gold,gol,gol
d5ca1d8c0dba11ecb1e81171463288e9,green,purple,purple,pur,pur
d5ca1e4a0dba11ecb1e81171463288e9,arch,octagon,octagonal,oct,oct
d5ca258e0dba11ecb1e81171463288e9,green,white,white,whi,whi
d5ca262e0dba11ecb1e81171463288e9,green,orange,orange,ora,ora
d5ca262e0dba11ecb1e81171463288e9,green,red,red,red,red
d5ca293a0dba11ecb1e81171463288e9,white,black,black,bla,bla
d5ca29d00dba11ecb1e81171463288e9,red,yellow,yellow,yel,yel
d5ca29d00dba11ecb1e81171463288e9,red,orange,orange,ora,ora
d5ca2dae0dba11ecb1e81171463288e9,round,wavy,wave,wav,wav
d5ca2dae0dba11ecb1e81171463288e9,round,hexagon,hexagon,hex,hex
d5ca2dae0dba11ecb1e81171463288e9,round,triangle,triangle,tri,tri
d5ca2fa20dba11ecb1e81171463288e9,gold,white,white,whi,whi
d5ca2fa20dba11ecb1e81171463288e9,gold,blue,blue,blu,blu
d5ca30420dba11ecb1e81171463288e9,white,purple,purple,pur,pur
d5ca311e0dba11ecb1e81171463288e9,black,blue,blue,blu,blu
d5ca32ae0dba11ecb1e81171463288e9,white,yellow,yellow,yel,yel
d5ca32ae0dba11ecb1e81171463288e9,white,yellow,yellow,yel,yel
d5ca3bfa0dba11ecb1e81171463288e9,white,blue,blue,blu,blu
d5ca40a00dba11ecb1e81171463288e9,rectangular,circle,circular,cir,cir
d5ca43340dba11ecb1e81171463288e9,gold,purple,purple,pur,pur
d5ca43340dba11ecb1e81171463288e9,gold,brown,brown,bro,bro
d5ca49d80dba11ecb1e81171463288e9,white,gray,gray,gra,gra
d5ca4b360dba11ecb1e81171463288e9,transparent,yellow,yellow,yel,yel
d5ca5f360dba11ecb1e81171463288e9,red,purple,purple,pur,pur
d5ca5f360dba11ecb1e81171463288e9,red,purple,purple,pur,pur
d5ca64fe0dba11ecb1e81171463288e9,gold,pink,pink,pin,pin
d5ca64fe0dba11ecb1e81171463288e9,gold,pink,pink,pin,pin
d5ca6ad00dba11ecb1e81171463288e9,red,white,white,whi,whi
d5ca6ad00dba11ecb1e81171463288e9,red,gold,gold,gol,gol
d5ca6b660dba11ecb1e81171463288e9,pink,blue,blue,blu,blu
d5ca79300dba11ecb1e81171463288e9,sphere,ball,ball,bal,bal
d5ca79bc0dba11ecb1e81171463288e9,white,gray,gray,gra,gra
d5ca868c0dba11ecb1e81171463288e9,gold,blue,blue,blu,blu
d5ca895c0dba11ecb1e81171463288e9,blonde,red,red,red,red
d5ca895c0dba11ecb1e81171463288e9,blonde,red,red,red,red
d5ca8bfa0dba11ecb1e81171463288e9,red,white,white,whi,whi
d5ca91c20dba11ecb1e81171463288e9,circle,star,star,sta,sta
d5ca91c20dba11ecb1e81171463288e9,circle,square,square,squ,squ
d5ca9d0c0dba11ecb1e81171463288e9,red,orange,orange,ora,ora
d5ca9d0c0dba11ecb1e81171463288e9,red,gold,gold,gol,gol
d5ca9f000dba11ecb1e81171463288e9,green,white,white,whi,whi
d5caa64e0dba11ecb1e81171463288e9,white,red,red,red,red
d5cab0760dba11ecb1e81171463288e9,yellow,pink,pink,pin,pin
d5cab3aa0dba11ecb1e81171463288e9,black,red,red,red,red
d5cab3aa0dba11ecb1e81171463288e9,black,brown,brown,bro,bro
d5cab3aa0dba11ecb1e81171463288e9,black,blue,blue,blu,blu
d5cab42c0dba11ecb1e81171463288e9,gray,black,black,bla,bla
d5cabf8a0dba11ecb1e81171463288e9,circle,hexagon,hexagon,hex,hex
d5cac1ec0dba11ecb1e81171463288e9,red,purple,purple,pur,pur
d5cac3b80dba11ecb1e81171463288e9,black,purple,purple,pur,pur
d5cacbba0dba11ecb1e81171463288e9,black,red,red,red,red
d5cae6e00dba11ecb1e81171463288e9,silver,gold,gold,gol,gol
d5caecee0dba11ecb1e81171463288e9,spherical,square,square,squ,squ
d5caecee0dba11ecb1e81171463288e9,spherical,square,square,squ,squ
d5cb04360dba11ecb1e81171463288e9,grey,orange,orange,ora,ora
d5cb0a300dba11ecb1e81171463288e9,gold,golden,gold,gol,gol
d5cb0cc40dba11ecb1e81171463288e9,brown,pink,pink,pin,pin
d5cb0fee0dba11ecb1e81171463288e9,white,blue,blue,blu,blu
d5cb114c0dba11ecb1e81171463288e9,orange,blue,blue,blu,blu
d5cb11ec0dba11ecb1e81171463288e9,red,white,white,whi,whi
d5cb2f740dba11ecb1e81171463288e9,white,orange,orange,ora,ora
d5cb30f00dba11ecb1e81171463288e9,green,purple,purple,pur,pur
d5cb31b80dba11ecb1e81171463288e9,purple,white,white,whi,whi
d5cb399c0dba11ecb1e81171463288e9,circle,cone,cone,con,con
d5cb400e0dba11ecb1e81171463288e9,grey,red,red,red,red
d5cb4b3a0dba11ecb1e81171463288e9,white,red,red,red,red
d5cb4f860dba11ecb1e81171463288e9,chrome,gold,gold,gol,gol
d5cb4f860dba11ecb1e81171463288e9,chrome,black,black,bla,bla
d5cb56fc0dba11ecb1e81171463288e9,red,orange,orange,ora,ora
d5cb5c240dba11ecb1e81171463288e9,yellow,red,red,red,red
d5cb5c240dba11ecb1e81171463288e9,yellow,gold,gold,gol,gol
d5cb5c240dba11ecb1e81171463288e9,yellow,blue,blue,blu,blu
d5cb66ec0dba11ecb1e81171463288e9,circle,octagon,octagonal,oct,oct
d5cb66ec0dba11ecb1e81171463288e9,circle,cone,cone,con,con
d5cb66ec0dba11ecb1e81171463288e9,circle,square,square,squ,squ
d5cb760a0dba11ecb1e81171463288e9,white,golden,gold,gol,gol
d5cb7b780dba11ecb1e81171463288e9,white,red,red,red,red
d5cb810e0dba11ecb1e81171463288e9,dome,cone,cone,con,con
d5cb8b040dba11ecb1e81171463288e9,orange,red,red,red,red
d5cb91f80dba11ecb1e81171463288e9,black,orange,orange,ora,ora
d5cb9e280dba11ecb1e81171463288e9,yellow,white,white,whi,whi
d5cb9ee60dba11ecb1e81171463288e9,rust,gold,gold,gol,gol
d5cb9ee60dba11ecb1e81171463288e9,rust,purple,purple,pur,pur
d5cb9ee60dba11ecb1e81171463288e9,rust,gold,gold,gol,gol
d5cb9ee60dba11ecb1e81171463288e9,rust,pink,pink,pin,pin
d5cba35a0dba11ecb1e81171463288e9,gold,golden,gold,gol,gol
d5cba35a0dba11ecb1e81171463288e9,gold,golden,gold,gol,gol
d5cba35a0dba11ecb1e81171463288e9,gold,pink,pink,pin,pin
d5cba6d40dba11ecb1e81171463288e9,white,pink,pink,pin,pin
d5cbafda0dba11ecb1e81171463288e9,white,red,red,red,red
d5cbafda0dba11ecb1e81171463288e9,white,blue,blue,blu,blu
d5cbb21e0dba11ecb1e81171463288e9,gold,pink,pink,pin,pin
d5cbb21e0dba11ecb1e81171463288e9,gold,pink,pink,pin,pin
d5cbb21e0dba11ecb1e81171463288e9,gold,yellow,yellow,yel,yel
d5cbb73c0dba11ecb1e81171463288e9,white,red,red,red,red
d5cbb7b40dba11ecb1e81171463288e9,green,red,red,red,red
d5cbb7b40dba11ecb1e81171463288e9,green,golden,gold,gol,gol
d5cbb7b40dba11ecb1e81171463288e9,green,orange,orange,ora,ora
d5cbc95c0dba11ecb1e81171463288e9,circle,hexagon,hexagon,hex,hex
d5cbdd700dba11ecb1e81171463288e9,curve,cone,cone,con,con
d5cbe6300dba11ecb1e81171463288e9,gold,pink,pink,pin,pin
d5cbf01c0dba11ecb1e81171463288e9,white,orange,orange,ora,ora
d5cbff760dba11ecb1e81171463288e9,yellow,red,red,red,red
d5cbff760dba11ecb1e81171463288e9,yellow,pink,pink,pin,pin
d5cc0fd40dba11ecb1e81171463288e9,flower,square,square,squ,squ
d5cc0fd40dba11ecb1e81171463288e9,flower,wavy,wavy,wav,wav
d5cc0ffc0dba11ecb1e81171463288e9,red,black,black,bla,bla
d5cc11320dba11ecb1e81171463288e9,grey,red,red,red,red
d5cc124a0dba11ecb1e81171463288e9,grey,black,black yellow blue,bla,bla
d5cc124a0dba11ecb1e81171463288e9,grey,blue,blue,blu,blu
d5cc14c00dba11ecb1e81171463288e9,green,orange,orange,ora,ora
d5cc183a0dba11ecb1e81171463288e9,green,violet,violet,vio,vio
d5cc183a0dba11ecb1e81171463288e9,green,pink,pink,pin,pin
d5cc26180dba11ecb1e81171463288e9,gray,brown,brown,bro,bro
d5cc26180dba11ecb1e81171463288e9,gray,blue,blue,blu,blu
d5cc26180dba11ecb1e81171463288e9,gray,golden,gold,gol,gol
d5cc2a3c0dba11ecb1e81171463288e9,white,red,red,red,red
d5cc2d340dba11ecb1e81171463288e9,red,yellow,yellow,yel,yel
d5cc2d340dba11ecb1e81171463288e9,red,gray,gray,gra,gra
d5cc2d340dba11ecb1e81171463288e9,red,yellow,yellow,yel,yel
d5cc36760dba11ecb1e81171463288e9,curve,sphere,sphere,sph,sph
d5cc46340dba11ecb1e81171463288e9,silver,golden,gold,gol,gol
d5cc520a0dba11ecb1e81171463288e9,green,orange,orange,ora,ora
d5cc53b80dba11ecb1e81171463288e9,green,red,red,red,red
d5cc53fe0dba11ecb1e81171463288e9,white,black,black and white,bla,bla
d5cc53fe0dba11ecb1e81171463288e9,white,red,red,red,red
d5cc53fe0dba11ecb1e81171463288e9,white,red,red white,red,red
d5cc54260dba11ecb1e81171463288e9,white,yellow,yellow,yel,yel
d5cc549e0dba11ecb1e81171463288e9,tan,blue,blue,blu,blu
d5cc55160dba11ecb1e81171463288e9,green,yellow,yellow,yel,yel
d5cc55fc0dba11ecb1e81171463288e9,orange,yellow,yellow,yel,yel
d5cc57fa0dba11ecb1e81171463288e9,red,pink,pink,pin,pin
d5cc57fa0dba11ecb1e81171463288e9,red,pink,pink,pin,pin
d5cc5dae0dba11ecb1e81171463288e9,gold,blue,blue,blu,blu
d5cc63c60dba11ecb1e81171463288e9,green,yellow,yellow,yel,yel
d5cc75460dba11ecb1e81171463288e9,blue,red,red,red,red
d5cc75b40dba11ecb1e81171463288e9,red,gold,gold and black,gol,gol
d5cc77d00dba11ecb1e81171463288e9,white,orange,orange,ora,ora
d5cc80360dba11ecb1e81171463288e9,brown,purple,purple,pur,pur
d5cc80360dba11ecb1e81171463288e9,brown,violet,violet,vio,vio
d5cc80360dba11ecb1e81171463288e9,brown,gold,gold,gol,gol
d5cc80360dba11ecb1e81171463288e9,brown,orange,orange,ora,ora
d5cc8aae0dba11ecb1e81171463288e9,brown,blue,blue,blu,blu
d5cc8aae0dba11ecb1e81171463288e9,brown,golden,golden,gol,gol
d5cc922e0dba11ecb1e81171463288e9,white,purple,purple,pur,pur
d5cc922e0dba11ecb1e81171463288e9,white,black,black and white,bla,bla
d5cc9d000dba11ecb1e81171463288e9,rectangular,octagon,octagonal,oct,oct
d5cca4760dba11ecb1e81171463288e9,gold,orange,orange,ora,ora
d5cca4760dba11ecb1e81171463288e9,gold,purple,purple,pur,pur
d5cca4760dba11ecb1e81171463288e9,gold,purple,purple,pur,pur
d5ccaa660dba11ecb1e81171463288e9,yellow,purple,purple,pur,pur
d5ccaa660dba11ecb1e81171463288e9,yellow,blue,blue,blu,blu
d5ccad220dba11ecb1e81171463288e9,red,orange,orange,ora,ora
d5ccb3e40dba11ecb1e81171463288e9,brown,white,white,whi,whi
d5ccbd620dba11ecb1e81171463288e9,pink,red,red,red,red
d5cccee20dba11ecb1e81171463288e9,pink,yellow,yellow,yel,yel
d5ccd4460dba11ecb1e81171463288e9,circular,ring,ring,rin,rin
d5ccd4460dba11ecb1e81171463288e9,circular,circle,circle,cir,cir
d5ccf8a40dba11ecb1e81171463288e9,red,purple,purple,pur,pur
d5ccf8a40dba11ecb1e81171463288e9,red,gray,gray,gra,gra
d5ccfef80dba11ecb1e81171463288e9,red,yellow,yellow,yel,yel
d5cd016e0dba11ecb1e81171463288e9,white,pink,pink,pin,pin
d5cd016e0dba11ecb1e81171463288e9,white,red,red,red,red
d5cd034e0dba11ecb1e81171463288e9,oval,hexagon,hexagon,hex,hex
d5cd034e0dba11ecb1e81171463288e9,oval,hexagon,hexagon,hex,hex
d5cd0c5e0dba11ecb1e81171463288e9,sphere,ball,ball,bal,bal
d5cd149c0dba11ecb1e81171463288e9,black,teal,teal,tea,tea
d5cd16220dba11ecb1e81171463288e9,orange,pink,pink,pin,pin
d5cd16220dba11ecb1e81171463288e9,orange,pink,pink,pin,pin
d5cd22ac0dba11ecb1e81171463288e9,red,blue,blue,blu,blu
d5cd22ac0dba11ecb1e81171463288e9,red,teal,teal,tea,tea
d5cd24320dba11ecb1e81171463288e9,silver,purple,purple,pur,pur
d5cd24320dba11ecb1e81171463288e9,silver,gold,gold,gol,gol
d5cd338c0dba11ecb1e81171463288e9,red,yellow,yellow,yel,yel
d5cd425a0dba11ecb1e81171463288e9,black,golden,gold,gol,gol
d5cd425a0dba11ecb1e81171463288e9,black,golden,gold,gol,gol
d5cd44bc0dba11ecb1e81171463288e9,circular,circle,circular,cir,cir
d5cd581c0dba11ecb1e81171463288e9,red,pink,pink,pin,pin
d5cd581c0dba11ecb1e81171463288e9,red,pink,pink,pin,pin
d5cd63fc0dba11ecb1e81171463288e9,red,pink,pink,pin,pin
d5cd67120dba11ecb1e81171463288e9,pink,brown,brown,bro,bro
d5cd67120dba11ecb1e81171463288e9,pink,purple,purple,pur,pur
d5cd67120dba11ecb1e81171463288e9,pink,purple,purple,pur,pur
d5cd67120dba11ecb1e81171463288e9,pink,yellow,yellow,yel,yel
d5cd673a0dba11ecb1e81171463288e9,dot,hexagon,hexagon,hex,hex
d5cd68b60dba11ecb1e81171463288e9,green,red,red,red,red
d5cd6ca80dba11ecb1e81171463288e9,round,circle,circular,cir,cir
d5cd6ca80dba11ecb1e81171463288e9,round,cone,cone,con,con
d5cd6d200dba11ecb1e81171463288e9,circle,hexagon,hexagonal,hex,hex
d5cd6dac0dba11ecb1e81171463288e9,sphere,cone,cone,con,con
d5cd6dac0dba11ecb1e81171463288e9,sphere,cone,cone,con,con
d5cd739c0dba11ecb1e81171463288e9,round,circle,circle,cir,cir
d5cd739c0dba11ecb1e81171463288e9,round,circle,circle,cir,cir
d5cd7f0e0dba11ecb1e81171463288e9,octagon,cross,crossoss,cro,cro
d5cd7fa40dba11ecb1e81171463288e9,red,pink,pink,pin,pin
d5cd82100dba11ecb1e81171463288e9,red,blue,blue white yellow red,blu,blu
d5cd82100dba11ecb1e81171463288e9,red,blue,blue yellow,blu,blu
d5cd8bca0dba11ecb1e81171463288e9,yellow,pink,pink,pin,pin
d5cd8bca0dba11ecb1e81171463288e9,yellow,purple,purple,pur,pur
d5cd8bca0dba11ecb1e81171463288e9,yellow,purple,purple,pur,pur
d5cd91240dba11ecb1e81171463288e9,red,golden,golden,gol,gol
d5cd98d60dba11ecb1e81171463288e9,gray,purple,purple,pur,pur
d5cd99bc0dba11ecb1e81171463288e9,green,gold,gold,gol,gol
d5cda5ce0dba11ecb1e81171463288e9,gray,blue,blue,blu,blu
d5cda5ce0dba11ecb1e81171463288e9,gray,purple,purple,pur,pur
d5cda5ce0dba11ecb1e81171463288e9,gray,purple,purple,pur,pur
d5cdae020dba11ecb1e81171463288e9,tan,yellow,yellow,yel,yel
d5cdb5aa0dba11ecb1e81171463288e9,green,red,red green white,red,red
d5cdc4280dba11ecb1e81171463288e9,cylinder,cone,cone,con,con
d5cdc84c0dba11ecb1e81171463288e9,red,purple,purple,pur,pur
d5cdd1de0dba11ecb1e81171463288e9,green,yellow,yellow,yel,yel
d5cdd1de0dba11ecb1e81171463288e9,green,red,red,red,red
d5cdd2060dba11ecb1e81171463288e9,black,red,red,red,red
d5cdd8780dba11ecb1e81171463288e9,red,yellow,yellow,yel,yel
d5cde11a0dba11ecb1e81171463288e9,green,pink,pink,pin,pin
d5cde11a0dba11ecb1e81171463288e9,green,black,black,bla,bla
d5cdec8c0dba11ecb1e81171463288e9,pink,red,red,red,red
d5cdeeee0dba11ecb1e81171463288e9,oval,triangle,triangular,tri,tri
d5cdf0e20dba11ecb1e81171463288e9,round,circle,circular,cir,cir
d5cdf0e20dba11ecb1e81171463288e9,round,square,square,squ,squ
d5cdf1780dba11ecb1e81171463288e9,cylindrical,star,star,sta,sta
d5cdf2cc0dba11ecb1e81171463288e9,white,red,red,red,red
d5cdf38a0dba11ecb1e81171463288e9,yellow,golden,gold,gol,gol
d5cdf90c0dba11ecb1e81171463288e9,red,pink,pink,pin,pin
d5cdf90c0dba11ecb1e81171463288e9,red,pink,pink,pin,pin
d5cdf9a20dba11ecb1e81171463288e9,red,white,white,whi,whi
d5cdf9a20dba11ecb1e81171463288e9,red,orange,orange,ora,ora
d5cdf9a20dba11ecb1e81171463288e9,red,gold,gold,gol,gol
d5cdfb1e0dba11ecb1e81171463288e9,yellow,pink,pink,pin,pin
d5ce20080dba11ecb1e81171463288e9,round,square,square,squ,squ
d5ce204e0dba11ecb1e81171463288e9,green,violet,violate,vio,vio
d5ce23b40dba11ecb1e81171463288e9,white,blue,blue,blu,blu
d5ce2f300dba11ecb1e81171463288e9,round,triangle,triangular,tri,tri
d5ce36b00dba11ecb1e81171463288e9,yellow,blue,blue,blu,blu
d5ce3b100dba11ecb1e81171463288e9,round,circle,circle,cir,cir
d5ce3b100dba11ecb1e81171463288e9,round,triangle,triangle,tri,tri
d5ce3c8c0dba11ecb1e81171463288e9,black,red,red,red,red
d5ce40740dba11ecb1e81171463288e9,circle,triangle,triangle,tri,tri
d5ce42a40dba11ecb1e81171463288e9,gold,orange,orange,ora,ora
d5ce42a40dba11ecb1e81171463288e9,gold,purple,purple,pur,pur
d5ce42a40dba11ecb1e81171463288e9,gold,red,red,red,red
d5ce58520dba11ecb1e81171463288e9,gold,pink,pink and blue,pin,pin
d5ce5cf80dba11ecb1e81171463288e9,white,orange,orange,ora,ora
d5ce5cf80dba11ecb1e81171463288e9,white,gray,gray,gra,gra
d5ce5e740dba11ecb1e81171463288e9,gold,pink,pink,pin,pin
d5ce5f320dba11ecb1e81171463288e9,green,white,white,whi,whi
d5ce60720dba11ecb1e81171463288e9,red,gray,gray,gra,gra
d5ce60720dba11ecb1e81171463288e9,red,brown,brown,bro,bro
d5ce63560dba11ecb1e81171463288e9,arch,hexagon,hexagonal,hex,hex
d5ce63560dba11ecb1e81171463288e9,arch,wavy,wavy,wav,wav
d5ce67840dba11ecb1e81171463288e9,yellow,purple,purple,pur,pur
d5ce67840dba11ecb1e81171463288e9,yellow,purple,purple,pur,pur
d5ce68ba0dba11ecb1e81171463288e9,white,pink,pink,pin,pin
d5ce6c160dba11ecb1e81171463288e9,green,blue,blue,blu,blu
d5ce6c160dba11ecb1e81171463288e9,green,yellow,yellow,yel,yel
d5ce6c160dba11ecb1e81171463288e9,green,pink,pink,pin,pin
d5ce6f9a0dba11ecb1e81171463288e9,red,pink,pink,pin,pin
d5ce73e60dba11ecb1e81171463288e9,gold,orange,orange,ora,ora
d5ce80ca0dba11ecb1e81171463288e9,round,circle,circle,cir,cir
d5ce83860dba11ecb1e81171463288e9,dome,star,star,sta,sta
d5ce85340dba11ecb1e81171463288e9,green,black,black,bla,bla
d5ce85340dba11ecb1e81171463288e9,green,blue,blue,blu,blu
d5ce8e800dba11ecb1e81171463288e9,yellow,brown,brown,bro,bro
d5ce95560dba11ecb1e81171463288e9,orange,golden,golden,gol,gol
d5ce9bdc0dba11ecb1e81171463288e9,black,golden,gold,gol,gol
d5ce9bdc0dba11ecb1e81171463288e9,black,white,white,whi,whi
d5ce9bdc0dba11ecb1e81171463288e9,black,brown,brown,bro,bro
d5cea5960dba11ecb1e81171463288e9,red,blue,blue,blu,blu
d5cea5960dba11ecb1e81171463288e9,red,white,white,whi,whi
d5cea6180dba11ecb1e81171463288e9,red,pink,pink,pin,pin
d5cea6180dba11ecb1e81171463288e9,red,white,white,whi,whi
d5ceb2160dba11ecb1e81171463288e9,red,yellow,yellow,yel,yel
d5ceb2d40dba11ecb1e81171463288e9,orange,blue,blue,blu,blu
d5ceb5180dba11ecb1e81171463288e9,red,golden,gold blue,gol,gol
d5ceb5180dba11ecb1e81171463288e9,red,purple,purple yellow red,pur,pur
d5ceb5180dba11ecb1e81171463288e9,red,yellow,yellow,yel,yel
d5ceb93c0dba11ecb1e81171463288e9,dome,cone,cone,con,con
d5ceb93c0dba11ecb1e81171463288e9,dome,sphere,spherical,sph,sph
d5cec65c0dba11ecb1e81171463288e9,rectangle,cone,cone,con,con
d5cec65c0dba11ecb1e81171463288e9,rectangle,hexagon,hexagonal,hex,hex
d5ced9f80dba11ecb1e81171463288e9,brown,purple,purple,pur,pur
d5ced9f80dba11ecb1e81171463288e9,brown,teal,teal,tea,tea
d5cedc780dba11ecb1e81171463288e9,green,pink,pink,pin,pin
d5cedfac0dba11ecb1e81171463288e9,red,orange,orange,ora,ora
d5cee4f20dba11ecb1e81171463288e9,flower,circle,circular,cir,cir
d5cee56a0dba11ecb1e81171463288e9,red,pink,pink,pin,pin
d5ceeca40dba11ecb1e81171463288e9,red,orange,orange,ora,ora
d5ceeca40dba11ecb1e81171463288e9,red,pink,pink,pin,pin
d5ceef600dba11ecb1e81171463288e9,yellow,blue,blue,blu,blu
d5ceef600dba11ecb1e81171463288e9,yellow,teal,teal,tea,tea
d5ceef600dba11ecb1e81171463288e9,yellow,orange,orange,ora,ora
d5cef35c0dba11ecb1e81171463288e9,white,gold,golden,gol,gol
d5cef35c0dba11ecb1e81171463288e9,white,pink,pink,pin,pin
d5cf02ca0dba11ecb1e81171463288e9,green,gold,golden,gol,gol
d5cf04aa0dba11ecb1e81171463288e9,white,teal,teal,tea,tea
d5cf04aa0dba11ecb1e81171463288e9,white,purple,purple,pur,pur
d5cf04aa0dba11ecb1e81171463288e9,white,gold,gold,gol,gol
d5cf0b620dba11ecb1e81171463288e9,brown,yellow,yellow,yel,yel
d5cf10d00dba11ecb1e81171463288e9,white,gray,gray,gra,gra
d5cf10d00dba11ecb1e81171463288e9,white,yellow,yellow,yel,yel
d5cf1d1e0dba11ecb1e81171463288e9,yellow,pink,pink,pin,pin
d5cf2cc80dba11ecb1e81171463288e9,red,pink,pink,pin,pin
d5cf2e260dba11ecb1e81171463288e9,green,orange,orange,ora,ora
d5cf2e260dba11ecb1e81171463288e9,green,blue,blue,blu,blu
d5cf3e520dba11ecb1e81171463288e9,white,purple,purple,pur,pur
